"game","model_tag","marker","instance","node","translation_x","translation_y","translation_z","rotation_i","rotation_j","rotation_k","rotation_w","scale","direction_x","direction_y","direction_z"
"Halo 2 Classic","objects\weapons\pistol\magnum\fp_magnum\fp_magnum","primary_ejection","0","0","0.010032","-0.006380","0.035699","0.482963","0.232963","0.562422","-0.629409","0.000000","","",""
"Halo 2 Classic","objects\weapons\pistol\magnum\fp_magnum\fp_magnum","primary_trigger","0","0","0.056321","0.000000","0.024507","0.000000","0.000000","0.000000","-1.000000","0.000000","","",""
"Halo 2 Classic","objects\weapons\pistol\needler\fp_needler\fp_needler","primary_trigger","0","0","0.103716","0.000000","-0.000000","-0.000000","-0.000000","0.000000","-1.000000","0.000000","","",""
"Halo 2 Classic","objects\weapons\pistol\needler\fp_needler\fp_needler","smoke","0","0","0.000933","0.000000","0.076940","-0.000000","0.000000","0.000000","-1.000000","0.000000","","",""
"Halo 2 Classic","objects\weapons\pistol\plasma_pistol\fp_plasma_pistol\fp_plasma_pistol","primary_trigger","0","0","0.060463","-0.000000","-0.000500","0.000000","0.000000","-0.000000","-1.000000","0.000000","","",""
"Halo 2 Classic","objects\weapons\pistol\plasma_pistol\fp_plasma_pistol\fp_plasma_pistol","secondary_trigger","0","0","0.050560","-0.000000","-0.015748","0.000000","0.000000","-0.000000","-1.000000","0.000000","","",""
"Halo 2 Classic","objects\weapons\rifle\battle_rifle\fp_battle_rifle\fp_battle_rifle","muzzle_flash","0","0","0.172157","0.000000","0.042571","0.000000","-0.461749","-0.000000","-0.887011","0.000000","","",""
"Halo 2 Classic","objects\weapons\rifle\battle_rifle\fp_battle_rifle\fp_battle_rifle","muzzle_flash","1","0","0.172157","-0.002150","0.046812","0.090424","0.286788","0.440377","-0.845957","0.000000","","",""
"Halo 2 Classic","objects\weapons\rifle\battle_rifle\fp_battle_rifle\fp_battle_rifle","muzzle_flash","2","0","0.172157","0.002147","0.046812","-0.090424","0.286788","-0.440377","-0.845957","0.000000","","",""
"Halo 2 Classic","objects\weapons\rifle\battle_rifle\fp_battle_rifle\fp_battle_rifle","primary_ejection","0","0","-0.046857","-0.012209","0.057181","-0.443041","0.240708","0.160473","-0.848542","0.000000","","",""
"Halo 2 Classic","objects\weapons\rifle\battle_rifle\fp_battle_rifle\fp_battle_rifle","primary_trigger","0","0","0.191922","0.000000","0.045854","0.000000","0.000000","-0.000000","-1.000000","0.000000","","",""
"Halo 2 Classic","objects\weapons\rifle\beam_rifle\fp_beam_rifle\fp_beam_rifle","primary_trigger","0","0","0.456232","0.000000","0.000024","0.000000","0.000000","-0.000000","-1.000000","0.000000","","",""
"Halo 2 Classic","objects\weapons\rifle\beam_rifle\fp_beam_rifle\fp_beam_rifle","smoke","0","0","0.451361","0.000000","0.000024","0.000000","0.000000","-0.000000","-1.000000","0.000000","","",""
"Halo 2 Classic","objects\weapons\rifle\beam_rifle\fp_beam_rifle\fp_beam_rifle","vent01","0","2","0.128833","0.001066","0.043679","0.500000","0.500000","0.500000","-0.500000","0.000000","","",""
"Halo 2 Classic","objects\weapons\rifle\beam_rifle\fp_beam_rifle\fp_beam_rifle","vent01","1","2","0.129663","0.001066","0.005618","0.500000","-0.500000","-0.500000","-0.500000","0.000000","","",""
"Halo 2 Classic","objects\weapons\rifle\beam_rifle\fp_beam_rifle\fp_beam_rifle","vent02","0","2","0.099504","0.001066","0.043679","0.500000","0.500000","0.500000","-0.500000","0.000000","","",""
"Halo 2 Classic","objects\weapons\rifle\beam_rifle\fp_beam_rifle\fp_beam_rifle","vent02","1","2","0.100334","0.001066","0.005618","0.500000","-0.500000","-0.500000","-0.500000","0.000000","","",""
"Halo 2 Classic","objects\weapons\rifle\beam_rifle\fp_beam_rifle\fp_beam_rifle","vent03","0","2","0.069206","0.001066","0.043679","0.500000","0.500000","0.500000","-0.500000","0.000000","","",""
"Halo 2 Classic","objects\weapons\rifle\beam_rifle\fp_beam_rifle\fp_beam_rifle","vent03","1","2","0.070036","0.001066","0.005618","0.500000","-0.500000","-0.500000","-0.500000","0.000000","","",""
"Halo 2 Classic","objects\weapons\rifle\beam_rifle\fp_beam_rifle\fp_beam_rifle","vent04","0","2","0.040429","0.001066","0.043679","0.500000","0.500000","0.500000","-0.500000","0.000000","","",""
"Halo 2 Classic","objects\weapons\rifle\beam_rifle\fp_beam_rifle\fp_beam_rifle","vent04","1","2","0.041259","0.001066","0.005618","0.500000","-0.500000","-0.500000","-0.500000","0.000000","","",""
"Halo 2 Classic","objects\weapons\rifle\beam_rifle\fp_beam_rifle\fp_beam_rifle","vent05","0","0","0.123668","0.029382","0.000136","0.000000","0.000000","-0.707107","-0.707107","0.000000","","",""
"Halo 2 Classic","objects\weapons\rifle\beam_rifle\fp_beam_rifle\fp_beam_rifle","vent05","1","0","0.122837","-0.028679","0.000136","-0.000000","0.000000","0.707107","-0.707107","0.000000","","",""
"Halo 2 Classic","objects\weapons\rifle\brute_plasma_rifle\fp_brute_plasma_rifle\fp_brute_plasma_rifle","muzzle_flash","0","0","0.010323","0.115015","0.020535","0.000000","0.000000","0.707107","-0.707107","0.000000","","",""
"Halo 2 Classic","objects\weapons\rifle\brute_plasma_rifle\fp_brute_plasma_rifle\fp_brute_plasma_rifle","primary_trigger","0","0","0.105911","0.000160","0.020737","0.000000","0.000000","-0.000000","-1.000000","0.000000","","",""
"Halo 2 Classic","objects\weapons\rifle\brute_plasma_rifle\fp_brute_plasma_rifle\fp_brute_plasma_rifle","primary_trigger1","0","0","0.105911","-0.000160","-0.019406","0.000000","0.000000","-0.000000","-1.000000","0.000000","","",""
"Halo 2 Classic","objects\weapons\rifle\brute_plasma_rifle\fp_brute_plasma_rifle\fp_brute_plasma_rifle","secondary_trigger","0","0","0.083826","0.000000","0.000810","-0.000000","0.000000","-1.000000","0.000000","0.000000","","",""
"Halo 2 Classic","objects\weapons\rifle\brute_plasma_rifle\fp_brute_plasma_rifle\fp_brute_plasma_rifle","vent","0","0","0.006817","0.014034","0.037515","-0.000000","0.000000","-0.608761","-0.793353","0.000000","","",""
"Halo 2 Classic","objects\weapons\rifle\brute_plasma_rifle\fp_brute_plasma_rifle\fp_brute_plasma_rifle","vent","1","0","-0.010902","0.014034","0.037515","-0.000000","0.000000","-0.675590","-0.737277","0.000000","","",""
"Halo 2 Classic","objects\weapons\rifle\brute_plasma_rifle\fp_brute_plasma_rifle\fp_brute_plasma_rifle","vent","2","0","-0.028622","0.014034","0.037515","-0.000000","0.000000","-0.737277","-0.675590","0.000000","","",""
"Halo 2 Classic","objects\weapons\rifle\brute_plasma_rifle\fp_brute_plasma_rifle\fp_brute_plasma_rifle","vent","3","0","-0.046341","0.014034","0.037515","-0.000000","0.000000","-0.793353","-0.608761","0.000000","","",""
"Halo 2 Classic","objects\weapons\rifle\brute_plasma_rifle\fp_brute_plasma_rifle\fp_brute_plasma_rifle","vent","4","0","-0.010902","-0.014030","0.037515","-0.000000","-0.000000","0.675590","-0.737277","0.000000","","",""
"Halo 2 Classic","objects\weapons\rifle\brute_plasma_rifle\fp_brute_plasma_rifle\fp_brute_plasma_rifle","vent","5","0","-0.028622","-0.014030","0.037515","-0.000000","-0.000000","0.737277","-0.675590","0.000000","","",""
"Halo 2 Classic","objects\weapons\rifle\brute_plasma_rifle\fp_brute_plasma_rifle\fp_brute_plasma_rifle","vent","6","0","-0.046341","-0.014030","0.037515","0.000000","-0.000000","0.793353","-0.608762","0.000000","","",""
"Halo 2 Classic","objects\weapons\rifle\brute_plasma_rifle\fp_brute_plasma_rifle\fp_brute_plasma_rifle","vent","7","0","0.006817","-0.014030","0.037515","-0.000000","-0.000000","0.608761","-0.793353","0.000000","","",""
"Halo 2 Classic","objects\weapons\rifle\covenant_carbine\fp_covenant_carbine\fp_covenant_carbine","muzzle_break","0","0","0.105366","0.020903","-0.015745","0.000000","0.000000","-0.500000","-0.866025","0.000000","","",""
"Halo 2 Classic","objects\weapons\rifle\covenant_carbine\fp_covenant_carbine\fp_covenant_carbine","muzzle_break","1","0","0.105366","-0.020900","-0.015745","0.000000","0.000000","0.500000","-0.866025","0.000000","","",""
"Halo 2 Classic","objects\weapons\rifle\covenant_carbine\fp_covenant_carbine\fp_covenant_carbine","primary_ejection","0","0","0.022669","0.000000","0.024565","-0.258819","0.000000","-0.965926","-0.000000","0.000000","","",""
"Halo 2 Classic","objects\weapons\rifle\covenant_carbine\fp_covenant_carbine\fp_covenant_carbine","primary_trigger","0","0","0.288103","0.000000","-0.015745","0.000000","0.000000","-0.000000","-1.000000","0.000000","","",""
"Halo 2 Classic","objects\weapons\rifle\covenant_carbine\fp_covenant_carbine\fp_covenant_carbine","smoke","0","0","0.282015","0.000000","-0.015745","0.000000","0.000000","-0.000000","-1.000000","0.000000","","",""
"Halo 2 Classic","objects\weapons\rifle\gpmg\fp_gpmg\fp_gpmg","primary_ejection","0","0","0.053956","-0.014970","0.004167","0.102035","0.086003","0.506048","-0.852119","0.000000","","",""
"Halo 2 Classic","objects\weapons\rifle\gpmg\fp_gpmg\fp_gpmg","primary_trigger","0","0","0.321042","0.000000","0.000342","0.000000","0.000000","-0.000000","-1.000000","0.000000","","",""
"Halo 2 Classic","objects\weapons\rifle\plasma_rifle\fp_plasma_rifle\fp_plasma_rifle","muzzle_flash","0","0","0.010323","0.115015","0.020535","0.000000","0.000000","0.707107","-0.707107","0.000000","","",""
"Halo 2 Classic","objects\weapons\rifle\plasma_rifle\fp_plasma_rifle\fp_plasma_rifle","primary_trigger","0","0","0.105911","0.000160","0.020737","0.000000","0.000000","-0.000000","-1.000000","0.000000","","",""
"Halo 2 Classic","objects\weapons\rifle\plasma_rifle\fp_plasma_rifle\fp_plasma_rifle","primary_trigger1","0","0","0.105911","-0.000160","-0.019406","0.000000","0.000000","-0.000000","-1.000000","0.000000","","",""
"Halo 2 Classic","objects\weapons\rifle\plasma_rifle\fp_plasma_rifle\fp_plasma_rifle","secondary_trigger","0","0","0.083826","0.000000","0.000810","-0.000000","0.000000","-1.000000","0.000000","0.000000","","",""
"Halo 2 Classic","objects\weapons\rifle\plasma_rifle\fp_plasma_rifle\fp_plasma_rifle","vent","0","0","0.006817","0.014034","0.037515","-0.000000","0.000000","-0.608761","-0.793353","0.000000","","",""
"Halo 2 Classic","objects\weapons\rifle\plasma_rifle\fp_plasma_rifle\fp_plasma_rifle","vent","1","0","-0.010902","0.014034","0.037515","-0.000000","0.000000","-0.675590","-0.737277","0.000000","","",""
"Halo 2 Classic","objects\weapons\rifle\plasma_rifle\fp_plasma_rifle\fp_plasma_rifle","vent","2","0","-0.028622","0.014034","0.037515","-0.000000","0.000000","-0.737277","-0.675590","0.000000","","",""
"Halo 2 Classic","objects\weapons\rifle\plasma_rifle\fp_plasma_rifle\fp_plasma_rifle","vent","3","0","-0.046341","0.014034","0.037515","-0.000000","0.000000","-0.793353","-0.608761","0.000000","","",""
"Halo 2 Classic","objects\weapons\rifle\plasma_rifle\fp_plasma_rifle\fp_plasma_rifle","vent","4","0","-0.010902","-0.014030","0.037515","-0.000000","-0.000000","0.675590","-0.737277","0.000000","","",""
"Halo 2 Classic","objects\weapons\rifle\plasma_rifle\fp_plasma_rifle\fp_plasma_rifle","vent","5","0","-0.028622","-0.014030","0.037515","-0.000000","-0.000000","0.737277","-0.675590","0.000000","","",""
"Halo 2 Classic","objects\weapons\rifle\plasma_rifle\fp_plasma_rifle\fp_plasma_rifle","vent","6","0","-0.046341","-0.014030","0.037515","0.000000","-0.000000","0.793353","-0.608762","0.000000","","",""
"Halo 2 Classic","objects\weapons\rifle\plasma_rifle\fp_plasma_rifle\fp_plasma_rifle","vent","7","0","0.006817","-0.014030","0.037515","-0.000000","-0.000000","0.608761","-0.793353","0.000000","","",""
"Halo 2 Classic","objects\weapons\rifle\shotgun\fp_shotgun\fp_shotgun","primary_ejection","0","0","-0.079603","-0.013796","-0.003522","-0.627211","0.326506","0.379928","-0.596368","0.000000","","",""
"Halo 2 Classic","objects\weapons\rifle\shotgun\fp_shotgun\fp_shotgun","primary_trigger","0","0","0.169144","0.000000","-0.003689","0.000000","0.000000","-0.000000","-1.000000","0.000000","","",""
"Halo 2 Classic","objects\weapons\rifle\smg_silenced\fp_smg_silenced\fp_smg_silenced","primary_trigger","0","0","0.150726","0.000000","0.026458","0.000000","0.000000","0.000000","-1.000000","0.000000","","",""
"Halo 2 Classic","objects\weapons\rifle\smg\fp_smg\fp_smg","primary_trigger","0","0","0.100726","0.000000","0.026458","0.000000","0.000000","0.000000","-1.000000","0.000000","","",""
"Halo 2 Classic","objects\weapons\rifle\sniper_rifle\fp_sniper_rifle\fp_sniper_rifle","muzzle_brake","0","0","0.373260","-0.012000","0.005631","0.000000","-0.000000","0.608761","-0.793353","0.000000","","",""
"Halo 2 Classic","objects\weapons\rifle\sniper_rifle\fp_sniper_rifle\fp_sniper_rifle","muzzle_brake","1","0","0.373260","0.012010","0.005631","0.000000","0.000000","-0.608762","-0.793353","0.000000","","",""
"Halo 2 Classic","objects\weapons\rifle\sniper_rifle\fp_sniper_rifle\fp_sniper_rifle","primary_ejection","0","0","0.007950","-0.012209","0.007921","-0.508650","0.491198","0.369462","-0.602908","0.000000","","",""
"Halo 2 Classic","objects\weapons\rifle\sniper_rifle\fp_sniper_rifle\fp_sniper_rifle","primary_trigger","0","0","0.393220","0.000000","0.005800","0.000000","0.000000","-0.000000","-1.000000","0.000000","","",""
"Halo 2 Classic","objects\weapons\support_high\flak_cannon\flak_cannon","primary_ejection","0","0","0.070085","-0.025000","0.051727","-0.379624","-0.048294","-0.916493","0.116593","0.000000","","",""
"Halo 2 Classic","objects\weapons\support_high\flak_cannon\flak_cannon","primary_ejection","1","0","0.070085","0.025000","0.051727","-0.379188","0.051605","-0.915441","-0.124586","0.000000","","",""
"Halo 2 Classic","objects\weapons\support_high\flak_cannon\flak_cannon","primary_trigger","0","0","0.255353","-0.000002","0.007579","0.000000","0.000000","-0.000000","-1.000000","0.000000","","",""
"Halo 2 Classic","objects\weapons\support_high\rocket_launcher\fp_rocket_launcher\fp_rocket_launcher","primary_ejection","0","0","-0.150686","-0.013400","0.036110","-0.000000","0.000000","-1.000000","0.000000","0.000000","","",""
"Halo 2 Classic","objects\weapons\support_high\rocket_launcher\fp_rocket_launcher\fp_rocket_launcher","primary_trigger","0","0","0.282941","-0.013400","0.036110","0.000000","0.000000","-0.000000","-1.000000","0.000000","","",""
"Halo 2 Classic","objects\weapons\support_low\brute_shot\fp_brute_shot\fp_brute_shot","primary_trigger","0","1","0.245701","0.000016","0.023315","0.000000","0.000000","-0.000000","-1.000000","0.000000","","",""
"Halo 4","objects\weapons\pistol\plasma_pistol\plasma_pistol","fx_horizontal_flare","0","0","0.095","0.02","0.02","0","0","0.707107","0.707107","0.1","1","0","0"
"Halo 4","objects\weapons\pistol\plasma_pistol\plasma_pistol","fx_horizontal_flare","1","0","0.095","-0.02","0.02","5.55112e-17","-5.55112e-17","-0.707107","0.707107","0.1","1","0","0"
"Halo 4","objects\weapons\pistol\plasma_pistol\plasma_pistol","fx_vent","0","0","0.0572506","0.00230355","0.0526528","0.5","-0.5","0.5","0.5","0.1","1","0","0"
"Halo 4","objects\weapons\pistol\plasma_pistol\plasma_pistol","primary_trigger","0","0","0.101936","0.00223043","0.0189018","0","0","0","1","0.1","1","0","0"
"Halo 4","objects\weapons\pistol\plasma_pistol\plasma_pistol","secondary_trigger","0","0","0.101936","0.00223043","0.0189018","0","0","0","1","0.1","1","0","0"
"Halo 4","objects\weapons\pistol\storm_bishop_beam\storm_bishop_beam","fx_horizontal_flare","0","0","0.095","0.02","0.02","0","0","0.707107","0.707107","0.1","1","0","0"
"Halo 4","objects\weapons\pistol\storm_bishop_beam\storm_bishop_beam","fx_horizontal_flare","1","0","0.095","-0.02","0.02","5.55112e-17","-5.55112e-17","-0.707107","0.707107","0.1","1","0","0"
"Halo 4","objects\weapons\pistol\storm_bishop_beam\storm_bishop_beam","fx_vent","0","0","0.0572506","0.00230355","0.0526528","0.5","-0.5","0.5","0.5","0.1","1","0","0"
"Halo 4","objects\weapons\pistol\storm_bishop_beam\storm_bishop_beam","primary_trigger","0","0","0.101936","0.00223043","0.0189018","0","0","0","1","0.1","1","0","0"
"Halo 4","objects\weapons\pistol\storm_bishop_beam\storm_bishop_beam","secondary_trigger","0","0","0.101936","0.00223043","0.0189018","0","0","0","1","0.1","1","0","0"
"Halo 4","objects\weapons\pistol\storm_burst_pistol\storm_burst_pistol","fx_horizontal_flare","0","0","0.0807245","0.00752977","0.00492974","0","0","0.707107","0.707107","0.1","1","0","0"
"Halo 4","objects\weapons\pistol\storm_burst_pistol\storm_burst_pistol","fx_horizontal_flare","1","0","0.0807245","-0.00297142","0.00492974","0","0","-0.707107","0.707107","0.1","1","0","0"
"Halo 4","objects\weapons\pistol\storm_burst_pistol\storm_burst_pistol","fx_vent","0","0","0.0572506","0.00230355","0.0526528","0.5","-0.5","0.5","0.5","0.1","1","0","0"
"Halo 4","objects\weapons\pistol\storm_burst_pistol\storm_burst_pistol","primary_trigger","0","0","0.114992","0.00223043","0.0189018","0","0","0","1","0.1","1","0","0"
"Halo 4","objects\weapons\pistol\storm_burst_pistol\storm_burst_pistol","secondary_trigger","0","0","0.115828","0.00223043","0.0206792","0","-0.211111","0","0.977462","0.1","1","0","0"
"Halo 4","objects\weapons\pistol\storm_magnum\storm_magnum","primary_trigger","0","0","0.0756144","-0.00073","0.0372638","0","0","0","1","0.1","1","0","0"
"Halo 4","objects\weapons\pistol\storm_needler\storm_needler","horizontal_flare","0","0","0.11006","-0.00928126","0.00703422","0","0","0","1","0.1","1","0","0"
"Halo 4","objects\weapons\pistol\storm_needler\storm_needler","horizontal_flare","1","0","0.109931","0.0107171","0.00725048","0","0","0","1","0.1","1","0","0"
"Halo 4","objects\weapons\pistol\storm_needler\storm_needler","primary_trigger","0","0","0.11304","0.00073781","0.00712377","0","0","0","1","0.1","1","0","0"
"Halo 4","objects\weapons\pistol\storm_plasma_pistol\storm_plasma_pistol","fx_vent","0","0","0.051902","0.00223043","0.0485744","0.5","-0.5","0.5","0.5","0.1","1","0","0"
"Halo 4","objects\weapons\pistol\storm_plasma_pistol\storm_plasma_pistol","horizontal_flare","0","0","0.102902","0.00223043","0.0140605","0","0","-0.707107","0.707107","0.1","1","0","0"
"Halo 4","objects\weapons\pistol\storm_plasma_pistol\storm_plasma_pistol","horizontal_flare","1","0","0.102902","0.00223043","0.0140605","0","0","0.707107","0.707107","0.1","1","0","0"
"Halo 4","objects\weapons\pistol\storm_plasma_pistol\storm_plasma_pistol","primary_trigger","0","0","0.105174","0.00223043","0.0181252","0","0","0","1","0.1","1","0","0"
"Halo 4","objects\weapons\pistol\storm_plasma_pistol\storm_plasma_pistol","secondary_trigger","0","0","0.105727","0.00223043","0.0185515","0","0","0","1","0.1","1","0","0"
"Halo 4","objects\weapons\pistol\storm_stasis_pistol\storm_stasis_pistol","beam_origin","0","7","0.00698545","0.0153607","-1.46491e-08","0.5","0.5","0.5","0.5","0.1","1","0","0"
"Halo 4","objects\weapons\pistol\storm_stasis_pistol\storm_stasis_pistol","bottom_plate","0","15","-0.00373653","-0.03133","0.000453565","-0.707107","0.707107","4.32978e-17","4.32978e-17","0.1","1","0","0"
"Halo 4","objects\weapons\pistol\storm_stasis_pistol\storm_stasis_pistol","bottom_plate","1","12","0.00373659","0.0313299","-0.000615116","0.707107","0.707107","-4.32978e-17","4.32978e-17","0.1","1","0","0"
"Halo 4","objects\weapons\pistol\storm_stasis_pistol\storm_stasis_pistol","fx_vent","0","0","-0.0082","0.0093","0.0279","0","0","0.889005","0.457897","0.1","1","0","0"
"Halo 4","objects\weapons\pistol\storm_stasis_pistol\storm_stasis_pistol","fx_vent","1","0","-0.0082","-0.0093","0.0279","-0","-0","-0.889005","0.457897","0.1","1","0","0"
"Halo 4","objects\weapons\pistol\storm_stasis_pistol\storm_stasis_pistol","primary_trigger","0","0","0.140222","0","0.011","0","0","0","1","0.1","1","0","0"
"Halo 4","objects\weapons\pistol\storm_stasis_pistol\storm_stasis_pistol","top_plate","0","8","-0.00073544","0.0310917","-0.00106118","0.707107","0.707107","-4.32978e-17","4.32978e-17","0.1","1","0","0"
"Halo 4","objects\weapons\pistol\storm_stasis_pistol\storm_stasis_pistol","top_plate","1","6","0.00073542","-0.0310916","0.00104593","-0.707107","0.707107","4.32978e-17","4.32978e-17","0.1","1","0","0"
"Halo 4","objects\weapons\pistol\storm_stasis_pistol\storm_stasis_pistol","top_plate_slide","0","8","-0.00073544","0.0310917","0.00297016","0.707107","0.707107","-4.32978e-17","4.32978e-17","0.1","1","0","0"
"Halo 4","objects\weapons\pistol\storm_stasis_pistol\storm_stasis_pistol","top_plate_slide","1","6","0.00073542","-0.0310916","-0.00299135","-0.707107","0.707107","4.32978e-17","4.32978e-17","0.1","1","0","0"
"Halo 4","objects\weapons\pistol\storm_stasis_pistol\storm_stasis_pistol","top_slide","0","0","0.120537","0.0109649","0.0364251","0.707107","0","0","0.707107","0.1","1","0","0"
"Halo 4","objects\weapons\pistol\storm_stasis_pistol\storm_stasis_pistol","top_slide","1","0","0.120537","-0.011","0.0364251","0.707107","0","0","0.707107","0.1","1","0","0"
"Halo 4","objects\weapons\pistol\storm_sticky_detonator\storm_sticky_detonator","primary_trigger","0","0","0.0447373","-0.00073","0.0367576","0","0","0","1","0.1","1","0","0"
"Halo 4","objects\weapons\pistol\storm_target_laser\storm_target_laser","primary_trigger","0","0","0.0637174","0.00300551","0.0510572","0","0","0","1","0.1","1","0","0"
"Halo 4","objects\weapons\pistol\target_laser\target_laser","primary_trigger","0","0","0.0637174","0.00300551","0.0510572","0","0","0","1","0.1","1","0","0"
"Halo 4","objects\weapons\rifle\storm_assault_carbine\storm_assault_carbine","fx_vent","0","0","0.228037","9.69931e-17","0.0267904","0","0","0.707107","0.707107","0.025","1","0","0"
"Halo 4","objects\weapons\rifle\storm_assault_carbine\storm_assault_carbine","muzzle_brake","0","0","0.277532","-0.0079","0.0266211","1.8915e-07","-1.4514e-07","-0.608761","0.793353","0.025","1","0","0"
"Halo 4","objects\weapons\rifle\storm_assault_carbine\storm_assault_carbine","muzzle_brake","1","0","0.277532","0.00787675","0.0266211","0","0","0.608762","0.793353","0.1","1","0","0"
"Halo 4","objects\weapons\rifle\storm_assault_carbine\storm_assault_carbine","primary_trigger","0","0","0.300763","9.69931e-17","0.0267904","0","0","0","1","0.025","1","0","0"
"Halo 4","objects\weapons\rifle\storm_assault_rifle\storm_assault_rifle","muzzle_flash","0","0","0.235741","-0.00140194","0.0542503","0.239118","-0.369644","-0.0990458","0.892399","0.1","1","0","0"
"Halo 4","objects\weapons\rifle\storm_assault_rifle\storm_assault_rifle","muzzle_flash","1","0","0.235741","-0.00280389","0.0518221","0.653282","-0.270598","-0.270598","0.653281","0.1","1","0","0"
"Halo 4","objects\weapons\rifle\storm_assault_rifle\storm_assault_rifle","muzzle_flash","2","0","0.235741","-0.00140194","0.0493939","0.892399","-0.0990458","-0.369644","0.239118","0.1","1","0","0"
"Halo 4","objects\weapons\rifle\storm_assault_rifle\storm_assault_rifle","muzzle_flash","3","0","0.235741","0.00140195","0.0493939","-0.892399","-0.0990458","0.369644","0.239118","0.1","1","0","0"
"Halo 4","objects\weapons\rifle\storm_assault_rifle\storm_assault_rifle","muzzle_flash","4","0","0.235741","0.00140195","0.0542503","-0.239118","-0.369644","0.0990458","0.892399","0.1","1","0","0"
"Halo 4","objects\weapons\rifle\storm_assault_rifle\storm_assault_rifle","muzzle_flash","5","0","0.235741","0.00280389","0.0518221","-0.653282","-0.270598","0.270598","0.653281","0.1","1","0","0"
"Halo 4","objects\weapons\rifle\storm_assault_rifle\storm_assault_rifle","primary_trigger","0","0","0.235741","5.76905e-11","0.0518221","0","0","0","1","0.1","1","0","0"
"Halo 4","objects\weapons\rifle\storm_attach_beam\storm_attach_beam","muzzle_brake","0","0","0.92227","-0.04162","0.101621","0","0","0","1","0.1","1","0","0"
"Halo 4","objects\weapons\rifle\storm_attach_beam\storm_attach_beam","muzzle_brake","1","0","0.92227","0.04068","0.101621","0","0","0","1","0.1","1","0","0"
"Halo 4","objects\weapons\rifle\storm_attach_beam\storm_attach_beam","primary_trigger","0","0","0.347848","-7.30237e-12","0.043213","0","0","0","1","0.1","1","0","0"
"Halo 4","objects\weapons\rifle\storm_beam_rifle\storm_beam_rifle","fx_vent","0","0","0.0845063","0.0103451","0.0622446","0","0","0.707107","0.707107","0.1","1","0","0"
"Halo 4","objects\weapons\rifle\storm_beam_rifle\storm_beam_rifle","fx_vent","1","0","0.0845062","-0.0126482","0.0622446","5.2173e-11","5.21732e-11","-0.707107","0.707107","0.1","1","0","0"
"Halo 4","objects\weapons\rifle\storm_beam_rifle\storm_beam_rifle","primary_trigger","0","0","0.495207","-5.75986e-05","0.00882774","0","0","0","1","0.1","1","0","0"
"Halo 4","objects\weapons\rifle\storm_br\storm_br","muzzle_flash","0","0","0.223811","-0.00610301","0.0462235","0.819152","-0.573577","3.58063e-08","2.50718e-08","0.1","1","0","0"
"Halo 4","objects\weapons\rifle\storm_br\storm_br","muzzle_flash","1","0","0.223811","4.20117e-05","0.0400784","-0.579228","0.40558","0.40558","0.579228","0.1","1","0","0"
"Halo 4","objects\weapons\rifle\storm_br\storm_br","muzzle_flash","2","0","0.223811","0.00618703","0.0462235","-3.41878e-08","4.88253e-08","0.573577","0.819152","0.1","1","0","0"
"Halo 4","objects\weapons\rifle\storm_br\storm_br","muzzle_flash","3","0","0.223811","4.20131e-05","0.0523685","0.579228","-0.40558","0.40558","0.579228","0.1","1","0","0"
"Halo 4","objects\weapons\rifle\storm_br\storm_br","primary_trigger","0","0","0.232144","4.2014e-05","0.0462235","0","0","0","1","0.1","1","0","0"
"Halo 4","objects\weapons\rifle\storm_concussion_rifle\storm_concussion_rifle","fx_vent","0","0","0.211516","0.011979","0.0344552","-0.681612","-0.177713","0.188163","0.684411","0.1","1","0","0"
"Halo 4","objects\weapons\rifle\storm_concussion_rifle\storm_concussion_rifle","fx_vent","1","0","0.211523","-0.00987162","0.0344724","0.683013","-0.183013","-0.183013","0.683013","0.1","1","0","0"
"Halo 4","objects\weapons\rifle\storm_concussion_rifle\storm_concussion_rifle","primary_trigger","0","0","0.228987","0.00143634","0.0344724","0.707107","6.18172e-08","6.18172e-08","0.707107","0.1","1","0","0"
"Halo 4","objects\weapons\rifle\storm_covenant_carbine\storm_covenant_carbine","fx_vent","0","0","0.122941","-0.0174735","0.0292813","0","0","-0.258819","0.965926","0.1","1","0","0"
"Halo 4","objects\weapons\rifle\storm_covenant_carbine\storm_covenant_carbine","fx_vent","1","0","0.123132","0.0152878","0.0296721","0","0","0.258819","0.965926","0.1","1","0","0"
"Halo 4","objects\weapons\rifle\storm_covenant_carbine\storm_covenant_carbine","primary_trigger","0","0","0.330597","0","0.0297042","0","0","0","1","0.1","1","0","0"
"Halo 4","objects\weapons\rifle\storm_dmr\storm_dmr","muzzle_flash","0","0","0.260957","1.92296e-17","0.0462235","0","0","-0.5","0.866025","0.1","1","0","0"
"Halo 4","objects\weapons\rifle\storm_dmr\storm_dmr","muzzle_flash","1","0","0.260955","2.6983e-05","0.0462235","0.612372","-0.353553","0.353553","0.612372","0.1","1","0","0"
"Halo 4","objects\weapons\rifle\storm_dmr\storm_dmr","muzzle_flash","2","0","0.260955","2.6983e-05","0.0462235","-0.612372","0.353553","0.353553","0.612372","0.1","1","0","0"
"Halo 4","objects\weapons\rifle\storm_dmr\storm_dmr","muzzle_flash","3","0","0.260955","2.6983e-05","0.0462235","0","0","0.5","0.866025","0.1","1","0","0"
"Halo 4","objects\weapons\rifle\storm_dmr\storm_dmr","primary_trigger","0","0","0.267144","4.2014e-05","0.0462235","0","0","0","1","0.1","1","0","0"
"Halo 4","objects\weapons\rifle\storm_forerunner_rifle\storm_forerunner_rifle","primary_trigger","0","0","0.316072","0","0.0259034","0","0","0","1","0.1","1","0","0"
"Halo 4","objects\weapons\rifle\storm_forerunner_rifle\storm_forerunner_rifle","source_port","0","2","-2.15316e-09","0.0187908","9.24728e-05","0","0","0.707107","0.707107","0.1","1","0","0"
"Halo 4","objects\weapons\rifle\storm_forerunner_smg\storm_forerunner_smg","fx_rear_slide","0","6","-0.0145215","0.0114484","-0.00928249","0.406435","-0.424908","-0.580775","0.562996","0.1","1","0","0"
"Halo 4","objects\weapons\rifle\storm_forerunner_smg\storm_forerunner_smg","fx_rear_slide","1","6","0.0151514","0.0111024","-0.00857441","0.586112","-0.557819","-0.404908","0.425864","0.1","1","0","0"
"Halo 4","objects\weapons\rifle\storm_forerunner_smg\storm_forerunner_smg","fx_vent_large","0","0","0.076762","-0.0151274","0.00824472","0.0933787","0.28078","-0.90662","0.300805","0.1","1","0","0"
"Halo 4","objects\weapons\rifle\storm_forerunner_smg\storm_forerunner_smg","fx_vent_large","1","0","0.0765714","0.014681","0.00817096","-0.109042","0.277099","0.911772","0.282838","0.1","1","0","0"
"Halo 4","objects\weapons\rifle\storm_forerunner_smg\storm_forerunner_smg","primary_trigger","0","0","0.187436","0","0.0203904","0","0","0","1","0.1","1","0","0"
"Halo 4","objects\weapons\rifle\storm_forerunner_smg\storm_forerunner_smg","primary_trigger_muzzle","0","0","0.256933","0","0.0187886","0","0","0","1","0.1","1","0","0"
"Halo 4","objects\weapons\rifle\storm_forerunner_smg\storm_forerunner_smg","top_plate","0","11","-0.0075","0.0364986","0.00659935","0.444997","-0.444997","-0.549525","0.549525","0.1","1","0","0"
"Halo 4","objects\weapons\rifle\storm_forerunner_smg\storm_forerunner_smg","top_plate","1","11","0.0075","0.0364986","0.00659935","0.549525","-0.549525","-0.444997","0.444997","0.1","1","0","0"
"Halo 4","objects\weapons\rifle\storm_forerunner_sniper_rifle\storm_forerunner_sniper_rifle","bottom_plate","0","0","0.168379","0.0115","0.0190159","-0.737277","0","0","0.67559","0.1","1","0","0"
"Halo 4","objects\weapons\rifle\storm_forerunner_sniper_rifle\storm_forerunner_sniper_rifle","bottom_plate","1","0","0.168379","-0.0115","0.0190159","-0.67559","0","0","0.737277","0.1","1","0","0"
"Halo 4","objects\weapons\rifle\storm_forerunner_sniper_rifle\storm_forerunner_sniper_rifle","cylinder","0","13","-0.00123523","0.0142493","0.000468818","-0.707107","0","0","0.707107","0.1","1","0","0"
"Halo 4","objects\weapons\rifle\storm_forerunner_sniper_rifle\storm_forerunner_sniper_rifle","cylinder","1","13","-0.00123523","-2.32443e-05","-0.0142","1","0","0","6.12323e-17","0.1","1","0","0"
"Halo 4","objects\weapons\rifle\storm_forerunner_sniper_rifle\storm_forerunner_sniper_rifle","cylinder","2","13","-0.00123523","-2.32443e-05","0.0142","0","0","0","1","0.1","1","0","0"
"Halo 4","objects\weapons\rifle\storm_forerunner_sniper_rifle\storm_forerunner_sniper_rifle","cylinder","3","0","0.113336","-0.0142","0.0438151","0.707107","0","0","0.707107","0.1","1","0","0"
"Halo 4","objects\weapons\rifle\storm_forerunner_sniper_rifle\storm_forerunner_sniper_rifle","front_plate","0","0","0.33843","0.00971177","0.0515995","-0.707107","0","0","0.707107","0.1","1","0","0"
"Halo 4","objects\weapons\rifle\storm_forerunner_sniper_rifle\storm_forerunner_sniper_rifle","primary_trigger","0","0","0.470419","-7.30237e-12","0.0517118","0","0","0","1","0.1","1","0","0"
"Halo 4","objects\weapons\rifle\storm_forerunner_sniper_rifle\storm_forerunner_sniper_rifle","vent","0","0","0.05","0.01","0.0414189","0","0","0.85264","0.522499","0.1","1","0","0"
"Halo 4","objects\weapons\rifle\storm_forerunner_sniper_rifle\storm_forerunner_sniper_rifle","vent","1","0","0.05","-0.01","0.0414","0","0","-0.85264","0.522499","0.1","1","0","0"
"Halo 4","objects\weapons\rifle\storm_lmg\storm_lmg","muzzle_flash","0","0","0.317863","-0.00190271","0.0486396","-0.843597","0.142688","-0.439149","0.274101","0.1","1","0","0"
"Halo 4","objects\weapons\rifle\storm_lmg\storm_lmg","muzzle_flash","1","0","0.317863","4.00941e-17","0.0427837","-2.1148e-07","0.461749","1.10089e-07","0.887011","0.1","1","0","0"
"Halo 4","objects\weapons\rifle\storm_lmg\storm_lmg","muzzle_flash","2","0","0.317863","0.00307863","0.0450204","0.521372","0.373562","0.271409","0.717607","0.1","1","0","0"
"Halo 4","objects\weapons\rifle\storm_lmg\storm_lmg","muzzle_flash","3","0","0.317863","0.00190269","0.0486396","0.843597","0.142688","0.439149","0.274101","0.1","1","0","0"
"Halo 4","objects\weapons\rifle\storm_lmg\storm_lmg","muzzle_flash","4","0","0.317863","-0.00306072","0.0449669","-0.51509","0.375917","-0.268139","0.722129","0.1","1","0","0"
"Halo 4","objects\weapons\rifle\storm_lmg\storm_lmg","primary_trigger","0","0","0.323454","1.90735e-08","0.0460665","0","0","0","1","0.1","1","0","0"
"Halo 4","objects\weapons\rifle\storm_rail_gun\storm_rail_gun","muzzle_flash","0","0","0.0661","-0.0066","0.0525","1","0","0","6.12323e-17","0.1","1","0","0"
"Halo 4","objects\weapons\rifle\storm_rail_gun\storm_rail_gun","muzzle_flash","1","0","0.0661","0.00664329","0.0525274","0","0","0","1","0.1","1","0","0"
"Halo 4","objects\weapons\rifle\storm_rail_gun\storm_rail_gun","primary_trigger","0","0","0.24547","5.76905e-11","0.0508719","0","0","0","1","0.1","1","0","0"
"Halo 4","objects\weapons\rifle\storm_rail_gun\storm_rail_gun","rail_charge","0","0","0.0759778","5.76905e-11","0.0523169","0","0","0","1","0.1","1","0","0"
"Halo 4","objects\weapons\rifle\storm_rail_gun\storm_rail_gun","secondary_trigger","0","0","0.24547","5.76905e-11","0.0508719","0","0","0","1","0.1","1","0","0"
"Halo 4","objects\weapons\rifle\storm_shotgun\storm_shotgun","primary_trigger","0","0","0.284527","-7.30241e-12","0.0394","0","0","0","1","0.1","1","0","0"
"Halo 4","objects\weapons\rifle\storm_sniper_rifle\storm_sniper_rifle","muzzle_brake","0","0","0.425384","-0.02081","0.0508105","0","0","-0.707107","0.707107","0.1","1","0","0"
"Halo 4","objects\weapons\rifle\storm_sniper_rifle\storm_sniper_rifle","muzzle_brake","1","0","0.425384","0.02034","0.0508105","0","0","0.707107","0.707107","0.1","1","0","0"
"Halo 4","objects\weapons\rifle\storm_sniper_rifle\storm_sniper_rifle","primary_trigger","0","0","0.448468","-7.30237e-12","0.0509798","0","0","0","1","0.1","1","0","0"
"Halo 4","objects\weapons\rifle\storm_spread_gun\storm_spread_gun","front_rail","0","2","-0.0175","-0.104471","0.0309278","0.379928","-0.379928","-0.596368","0.596368","0.1","1","0","0"
"Halo 4","objects\weapons\rifle\storm_spread_gun\storm_spread_gun","front_rail","1","2","0.0175","-0.104471","0.0309278","0.596368","-0.596368","-0.379928","0.379928","0.1","1","0","0"
"Halo 4","objects\weapons\rifle\storm_spread_gun\storm_spread_gun","front_slide","0","2","0.0210053","-0.127515","0.0309278","0.596368","-0.596368","-0.379928","0.379928","0.1","1","0","0"
"Halo 4","objects\weapons\rifle\storm_spread_gun\storm_spread_gun","front_slide","1","2","-0.021","-0.127515","0.0309278","0.379928","-0.379928","-0.596368","0.596368","0.1","1","0","0"
"Halo 4","objects\weapons\rifle\storm_spread_gun\storm_spread_gun","mid_rail","0","7","-0.0175","-0.0048915","0.0286","0.40558","-0.40558","-0.579228","0.579228","0.1","1","0","0"
"Halo 4","objects\weapons\rifle\storm_spread_gun\storm_spread_gun","mid_rail","1","7","0.0175","-0.00488154","0.0286498","0.579228","-0.579228","-0.40558","0.40558","0.1","1","0","0"
"Halo 4","objects\weapons\rifle\storm_spread_gun\storm_spread_gun","primary_trigger","0","0","0.257612","-7.30241e-12","0.0394","0","0","0","1","0.1","1","0","0"
"Halo 4","objects\weapons\rifle\storm_spread_gun\storm_spread_gun","primary_trigger","1","0","0.257612","-7.30241e-12","0.0394","0","0","0","1","0.1","1","0","0"
"Halo 4","objects\weapons\rifle\storm_spread_gun\storm_spread_gun","secondary_trigger","0","2","-7.30237e-12","-0.198587","0.00960614","0","0","-0.707107","0.707107","0.1","1","0","0"
"Halo 4","objects\weapons\rifle\storm_spread_gun\storm_spread_gun","secondary_trigger","1","2","-7.30237e-12","-0.200907","0.0248123","0","0","-0.707107","0.707107","0.1","1","0","0"
"Halo 4","objects\weapons\rifle\storm_spread_gun\storm_spread_gun","secondary_trigger","2","2","-0.0104","-0.155465","0.0188318","0.5","-0.5","-0.5","0.5","0.1","1","0","0"
"Halo 4","objects\weapons\rifle\storm_spread_gun\storm_spread_gun","secondary_trigger","3","2","0.0103682","-0.155457","0.0188318","-0.5","0.5","-0.5","0.5","0.1","1","0","0"
"Halo 4","objects\weapons\rifle\storm_spread_gun\storm_spread_gun","secondary_trigger","4","2","-0.0101","-0.14892","-0.00282479","0.5","-0.5","-0.5","0.5","0.1","1","0","0"
"Halo 4","objects\weapons\rifle\storm_spread_gun\storm_spread_gun","secondary_trigger","5","2","0.0101","-0.14892","-0.00282479","-0.5","0.5","-0.5","0.5","0.1","1","0","0"
"Halo 4","objects\weapons\rifle\storm_spread_gun\storm_spread_gun","top_slide","0","2","-0.0105","-0.1331","0.039","0.241845","-0.241845","-0.664463","0.664463","0.1","1","0","0"
"Halo 4","objects\weapons\rifle\storm_spread_gun\storm_spread_gun","top_slide","1","2","0.0105473","-0.133071","0.039","0.664463","-0.664463","-0.241845","0.241845","0.1","1","0","0"
"Halo 4","objects\weapons\rifle\storm_spread_gun\storm_spread_gun","vent","0","0","-0.0197531","-0.0120578","0.0472625","0","0","-0.707107","0.707107","0.1","1","0","0"
"Halo 4","objects\weapons\rifle\storm_spread_gun\storm_spread_gun","vent","1","0","-0.0197531","0.0121","0.0472625","0","0","0.707107","0.707107","0.1","1","0","0"
"Halo 4","objects\weapons\rifle\storm_stasis_rifle\storm_stasis_rifle","fx_vent","0","0","-0.017232","0.02","0.0596416","0","0","0","1","0.1","1","0","0"
"Halo 4","objects\weapons\rifle\storm_stasis_rifle\storm_stasis_rifle","fx_vent","1","0","-0.017232","0.02","0.0596416","0","0","0","1","0.1","1","0","0"
"Halo 4","objects\weapons\rifle\storm_stasis_rifle\storm_stasis_rifle","primary_trigger","0","0","0.0985713","1.7965e-05","0.0330781","0","0","0","1","0.1","1","0","0"
"Halo 4","objects\weapons\rifle\storm_stasis_rifle\storm_stasis_rifle","primary_trigger","1","0","0.0985713","1.7965e-05","-0.014185","0","0","0","1","0.1","1","0","0"
"Halo 4","objects\weapons\support_high\storm_forerunner_incineration_launcher\storm_forerunner_incineration_launcher","back_plate","0","0","-0.00299742","-0.0265","0.0502489","0.737277","2.5912e-08","5.04937e-08","0.67559","0.1","1","0","0"
"Halo 4","objects\weapons\support_high\storm_forerunner_incineration_launcher\storm_forerunner_incineration_launcher","back_plate","1","0","-0.00299742","0.0265","0.0502489","0.67559","-3.95326e-08","4.31422e-08","0.737277","0.1","1","0","0"
"Halo 4","objects\weapons\support_high\storm_forerunner_incineration_launcher\storm_forerunner_incineration_launcher","barrel","0","10","-0.0480048","-0.00890138","-0.00136735","0.707107","0","0","0.707107","0.1","1","0","0"
"Halo 4","objects\weapons\support_high\storm_forerunner_incineration_launcher\storm_forerunner_incineration_launcher","barrel","1","11","-0.0480048","0.0088772","-0.00136735","0.707107","0","0","0.707107","0.1","1","0","0"
"Halo 4","objects\weapons\support_high\storm_forerunner_incineration_launcher\storm_forerunner_incineration_launcher","barrel_slide","0","10","-0.0104544","-0.012","-0.00136735","0.707107","0","0","0.707107","0.1","1","0","0"
"Halo 4","objects\weapons\support_high\storm_forerunner_incineration_launcher\storm_forerunner_incineration_launcher","barrel_slide","1","11","-0.0104544","0.012","-0.00136735","0.707107","0","0","0.707107","0.1","1","0","0"
"Halo 4","objects\weapons\support_high\storm_forerunner_incineration_launcher\storm_forerunner_incineration_launcher","primary_trigger","0","0","0.170441","0","0.066988","0","0","0","1","0.1","1","0","0"
"Halo 4","objects\weapons\support_high\storm_forerunner_incineration_launcher\storm_forerunner_incineration_launcher","secondary_trigger","0","10","-0.00929319","-9.14141e-05","-0.00136735","0","0","0","1","0.1","1","0","0"
"Halo 4","objects\weapons\support_high\storm_forerunner_incineration_launcher\storm_forerunner_incineration_launcher","secondary_trigger","1","11","-0.00929319","7.71995e-05","-0.00136735","0","0","0","1","0.1","1","0","0"
"Halo 4","objects\weapons\support_high\storm_forerunner_incineration_launcher\storm_forerunner_incineration_launcher","secondary_trigger","2","5","0.0114545","-1.14397e-09","-2.05938e-05","0","0","0","1","0.1","1","0","0"
"Halo 4","objects\weapons\support_high\storm_forerunner_incineration_launcher\storm_forerunner_incineration_launcher","secondary_trigger","3","8","0.00694337","-4.36179e-10","-0.00011682","0","0","0","1","0.1","1","0","0"
"Halo 4","objects\weapons\support_high\storm_forerunner_incineration_launcher\storm_forerunner_incineration_launcher","secondary_trigger","4","13","0.00463188","-4.36179e-10","-0.000139937","0","0","0","1","0.1","1","0","0"
"Halo 4","objects\weapons\support_high\storm_forerunner_incineration_launcher\storm_forerunner_incineration_launcher","top_plate","0","6","-0.01717","-0.0514757","0.0180007","-0.190205","-0.107865","0.521463","0.824781","0.1","1","0","0"
"Halo 4","objects\weapons\support_high\storm_forerunner_incineration_launcher\storm_forerunner_incineration_launcher","top_plate","1","7","0.01717","0.0514757","-0.018","0.120214","-0.190803","-0.81847","0.528442","0.1","1","0","0"
"Halo 4","objects\weapons\support_high\storm_forerunner_incineration_launcher\storm_forerunner_incineration_launcher","top_plate_slide","0","6","-0.00766966","-0.0276727","0.018","-0.190205","-0.107865","0.521463","0.824781","0.1","1","0","0"
"Halo 4","objects\weapons\support_high\storm_forerunner_incineration_launcher\storm_forerunner_incineration_launcher","top_plate_slide","1","7","0.00766966","0.0276727","-0.018","0.120214","-0.190803","-0.81847","0.528442","0.1","1","0","0"
"Halo 4","objects\weapons\support_high\storm_forerunner_incineration_launcher\storm_forerunner_incineration_launcher","vent","0","0","0.0369856","-0.027","0.0175","0.881877","-0.0619729","-0.272322","0.37986","0.1","1","0","0"
"Halo 4","objects\weapons\support_high\storm_forerunner_incineration_launcher\storm_forerunner_incineration_launcher","vent","1","0","0.0369856","0.027","0.0175","0.37986","0.272322","0.0619729","0.881877","0.1","1","0","0"
"Halo 4","objects\weapons\support_high\storm_fuel_rod_cannon\storm_fuel_rod_cannon","primary_trigger","0","0","0.196933","-2.25673e-06","0.0588393","0","0","0","1","0.1","1","0","0"
"Halo 4","objects\weapons\support_high\storm_rocket_launcher\storm_rocket_launcher","fx_backwash","0","0","-0.255381","-0.0111929","0.0711852","3.67959e-06","-1","-5.52335e-07","2.03222e-12","0.1","1","0","0"
"Halo 4","objects\weapons\support_high\storm_rocket_launcher\storm_rocket_launcher","primary_trigger","0","0","0.164319","-0.0109058","0.0685002","0","0","0","1","0.1","1","0","0"
"Halo 4","objects\weapons\support_high\storm_spartan_laser\storm_spartan_laser","fx_vent","0","0","-0.0852697","0.0159327","0.0696856","0","0","0.707107","0.707106","0.1","1","0","0"
"Halo 4","objects\weapons\support_high\storm_spartan_laser\storm_spartan_laser","primary_trigger","0","6","-0.00108409","0.0194137","4.0619e-09","0.5","0.5","0.5","0.5","0.1","1","0","0"
